<?xml version="1.0" encoding="UTF-8" standalone="yes"?>
<addon id="repository.vietmedia"
		name="VietMedia Add-ons"
		version="1.0.1"
		provider-name="VietMedia">
  <extension point="xbmc.addon.repository"
		name="VietMedia Add-on Repository">
		<info compressed="true">https://github.com/onepas/kodi-addons/blob/master/addons.xml</info>
		<checksum>https://github.com/onepas/kodi-addons/blob/master/addons.xml.md5</checksum>
		<datadir zip="true">https://github.com/onepas/kodi-addons</datadir>
		
	</extension>
	<extension point="xbmc.addon.metadata">
		<summary lang="en">VietMedia Entertainment</summary>
		<description lang="en"></description>
		<disclaimer lang="en"></disclaimer>
		<platform>all</platform>
	</extension>
</addon>
