<?xml version="1.0" encoding="UTF-8" standalone="yes"?>
<addon id="plugin.video.vietmedia.movie"
       name="VietMedia Movie"
       version="1.0.2"
       provider-name="VietMedia">
	<requires>
		<import addon="xbmc.python" version="2.1.0" />
		<import addon="script.module.simple.downloader" version="1.9.4" />
	</requires>
    <extension point="xbmc.python.pluginsource"
               library="default.py">
        <provides>video</provides>
    </extension>
    <extension point="xbmc.addon.metadata">
        <platform>all</platform>
        <language>en</language>
		<summary lang="en">VietMedia Movie online</summary>
		<description lang="en">Add-on play Movie online. https://www.facebook.com/groups/vietkodi/</description>
    </extension>
</addon>
